,benefit,price,city,url,address,latitude,longitude,link,latitude1,longitude1,distance
0,costs,1007.39,Alkmaar,https://www.numbeo.com/cost-of-living/city-estimator/in/Alkmaar?Recalculated=Submit+to+Recalculate&displayCurrency=EUR&members=1&restaurants_percentage=10.0&inexpensive_restaurants_percentage=50.0&drinking_coffee_outside=100.0&going_out_monthly=4.2&smoking_packs_per_day=0.0&alcoholic_drinks=25.0&type_of_food=0&driving_car=0.0&taxi_consumption=0.0&paying_for_public_transport=Monthly%2C+All+Members&sport_memberships=100.0&vacation=0.0&clothing_and_shoes=50.0&rent=none&kindergarten_count=0&private_schools_count=0,"Alkmaar, Noord-Holland, Nederland",52.600853799999996,4.817099446443963,<a target='_blank' href=https://www.numbeo.com/cost-of-living/city-estimator/in/Alkmaar?Recalculated=Submit+to+Recalculate&displayCurrency=EUR&members=1&restaurants_percentage=10.0&inexpensive_restaurants_percentage=50.0&drinking_coffee_outside=100.0&going_out_monthly=4.2&smoking_packs_per_day=0.0&alcoholic_drinks=25.0&type_of_food=0&driving_car=0.0&taxi_consumption=0.0&paying_for_public_transport=Monthly%2C+All+Members&sport_memberships=100.0&vacation=0.0&clothing_and_shoes=50.0&rent=none&kindergarten_count=0&private_schools_count=0>Source</a>,51.9071833,4.4728155,80.61395519871097
1,costs,966.99,Amersfoort,https://www.numbeo.com/cost-of-living/city-estimator/in/Amersfoort-Netherlands?Recalculated=Submit+to+Recalculate&displayCurrency=EUR&members=1&restaurants_percentage=10.0&inexpensive_restaurants_percentage=50.0&drinking_coffee_outside=100.0&going_out_monthly=4.2&smoking_packs_per_day=0.0&alcoholic_drinks=25.0&type_of_food=0&driving_car=0.0&taxi_consumption=0.0&paying_for_public_transport=Monthly%2C+All+Members&sport_memberships=100.0&vacation=0.0&clothing_and_shoes=50.0&rent=none&kindergarten_count=0&private_schools_count=0,"Amersfoort, Utrecht, Nederland",52.163773899999995,5.3965879493517015,<a target='_blank' href=https://www.numbeo.com/cost-of-living/city-estimator/in/Amersfoort-Netherlands?Recalculated=Submit+to+Recalculate&displayCurrency=EUR&members=1&restaurants_percentage=10.0&inexpensive_restaurants_percentage=50.0&drinking_coffee_outside=100.0&going_out_monthly=4.2&smoking_packs_per_day=0.0&alcoholic_drinks=25.0&type_of_food=0&driving_car=0.0&taxi_consumption=0.0&paying_for_public_transport=Monthly%2C+All+Members&sport_memberships=100.0&vacation=0.0&clothing_and_shoes=50.0&rent=none&kindergarten_count=0&private_schools_count=0>Source</a>,51.9071833,4.4728155,69.33194274131577
2,costs,965.99,Zandvoort,https://www.numbeo.com/cost-of-living/city-estimator/in/Zandvoort-Netherlands?Recalculated=Submit+to+Recalculate&displayCurrency=EUR&members=1&restaurants_percentage=10.0&inexpensive_restaurants_percentage=50.0&drinking_coffee_outside=100.0&going_out_monthly=4.2&smoking_packs_per_day=0.0&alcoholic_drinks=25.0&type_of_food=0&driving_car=0.0&taxi_consumption=0.0&paying_for_public_transport=Monthly%2C+All+Members&sport_memberships=100.0&vacation=0.0&clothing_and_shoes=50.0&rent=none&kindergarten_count=0&private_schools_count=0,"Zandvoort, Noord-Holland, Nederland",52.3713394,4.5307624,<a target='_blank' href=https://www.numbeo.com/cost-of-living/city-estimator/in/Zandvoort-Netherlands?Recalculated=Submit+to+Recalculate&displayCurrency=EUR&members=1&restaurants_percentage=10.0&inexpensive_restaurants_percentage=50.0&drinking_coffee_outside=100.0&going_out_monthly=4.2&smoking_packs_per_day=0.0&alcoholic_drinks=25.0&type_of_food=0&driving_car=0.0&taxi_consumption=0.0&paying_for_public_transport=Monthly%2C+All+Members&sport_memberships=100.0&vacation=0.0&clothing_and_shoes=50.0&rent=none&kindergarten_count=0&private_schools_count=0>Source</a>,51.9071833,4.4728155,51.76308161742926
3,costs,941.47,Voorburg,https://www.numbeo.com/cost-of-living/city-estimator/in/Voorburg-Netherlands?Recalculated=Submit+to+Recalculate&displayCurrency=EUR&members=1&restaurants_percentage=10.0&inexpensive_restaurants_percentage=50.0&drinking_coffee_outside=100.0&going_out_monthly=4.2&smoking_packs_per_day=0.0&alcoholic_drinks=25.0&type_of_food=0&driving_car=0.0&taxi_consumption=0.0&paying_for_public_transport=Monthly%2C+All+Members&sport_memberships=100.0&vacation=0.0&clothing_and_shoes=50.0&rent=none&kindergarten_count=0&private_schools_count=0,"Voorburg, Leidschendam-Voorburg, Zuid-Holland, Nederland",52.0703201,4.3558561,<a target='_blank' href=https://www.numbeo.com/cost-of-living/city-estimator/in/Voorburg-Netherlands?Recalculated=Submit+to+Recalculate&displayCurrency=EUR&members=1&restaurants_percentage=10.0&inexpensive_restaurants_percentage=50.0&drinking_coffee_outside=100.0&going_out_monthly=4.2&smoking_packs_per_day=0.0&alcoholic_drinks=25.0&type_of_food=0&driving_car=0.0&taxi_consumption=0.0&paying_for_public_transport=Monthly%2C+All+Members&sport_memberships=100.0&vacation=0.0&clothing_and_shoes=50.0&rent=none&kindergarten_count=0&private_schools_count=0>Source</a>,51.9071833,4.4728155,19.829290218592796
4,costs,933.8,Roermond,https://www.numbeo.com/cost-of-living/city-estimator/in/Roermond-Netherlands?Recalculated=Submit+to+Recalculate&displayCurrency=EUR&members=1&restaurants_percentage=10.0&inexpensive_restaurants_percentage=50.0&drinking_coffee_outside=100.0&going_out_monthly=4.2&smoking_packs_per_day=0.0&alcoholic_drinks=25.0&type_of_food=0&driving_car=0.0&taxi_consumption=0.0&paying_for_public_transport=Monthly%2C+All+Members&sport_memberships=100.0&vacation=0.0&clothing_and_shoes=50.0&rent=none&kindergarten_count=0&private_schools_count=0,"Roermond, Limburg, Nederland",51.1933903,5.9882649,<a target='_blank' href=https://www.numbeo.com/cost-of-living/city-estimator/in/Roermond-Netherlands?Recalculated=Submit+to+Recalculate&displayCurrency=EUR&members=1&restaurants_percentage=10.0&inexpensive_restaurants_percentage=50.0&drinking_coffee_outside=100.0&going_out_monthly=4.2&smoking_packs_per_day=0.0&alcoholic_drinks=25.0&type_of_food=0&driving_car=0.0&taxi_consumption=0.0&paying_for_public_transport=Monthly%2C+All+Members&sport_memberships=100.0&vacation=0.0&clothing_and_shoes=50.0&rent=none&kindergarten_count=0&private_schools_count=0>Source</a>,51.9071833,4.4728155,131.44644731873032
5,costs,926.73,Amsterdam,https://www.numbeo.com/cost-of-living/city-estimator/in/Amsterdam?Recalculated=Submit+to+Recalculate&displayCurrency=EUR&members=1&restaurants_percentage=10.0&inexpensive_restaurants_percentage=50.0&drinking_coffee_outside=100.0&going_out_monthly=4.2&smoking_packs_per_day=0.0&alcoholic_drinks=25.0&type_of_food=0&driving_car=0.0&taxi_consumption=0.0&paying_for_public_transport=Monthly%2C+All+Members&sport_memberships=100.0&vacation=0.0&clothing_and_shoes=50.0&rent=none&kindergarten_count=0&private_schools_count=0,"Amsterdam, Noord-Holland, Nederland",52.3727598,4.8936041,<a target='_blank' href=https://www.numbeo.com/cost-of-living/city-estimator/in/Amsterdam?Recalculated=Submit+to+Recalculate&displayCurrency=EUR&members=1&restaurants_percentage=10.0&inexpensive_restaurants_percentage=50.0&drinking_coffee_outside=100.0&going_out_monthly=4.2&smoking_packs_per_day=0.0&alcoholic_drinks=25.0&type_of_food=0&driving_car=0.0&taxi_consumption=0.0&paying_for_public_transport=Monthly%2C+All+Members&sport_memberships=100.0&vacation=0.0&clothing_and_shoes=50.0&rent=none&kindergarten_count=0&private_schools_count=0>Source</a>,51.9071833,4.4728155,59.200565134225876
6,costs,916.87,Haarlem,https://www.numbeo.com/cost-of-living/city-estimator/in/Haarlem?Recalculated=Submit+to+Recalculate&displayCurrency=EUR&members=1&restaurants_percentage=10.0&inexpensive_restaurants_percentage=50.0&drinking_coffee_outside=100.0&going_out_monthly=4.2&smoking_packs_per_day=0.0&alcoholic_drinks=25.0&type_of_food=0&driving_car=0.0&taxi_consumption=0.0&paying_for_public_transport=Monthly%2C+All+Members&sport_memberships=100.0&vacation=0.0&clothing_and_shoes=50.0&rent=none&kindergarten_count=0&private_schools_count=0,"Haarlem, Noord-Holland, Nederland",52.383705750000004,4.643559696559635,<a target='_blank' href=https://www.numbeo.com/cost-of-living/city-estimator/in/Haarlem?Recalculated=Submit+to+Recalculate&displayCurrency=EUR&members=1&restaurants_percentage=10.0&inexpensive_restaurants_percentage=50.0&drinking_coffee_outside=100.0&going_out_monthly=4.2&smoking_packs_per_day=0.0&alcoholic_drinks=25.0&type_of_food=0&driving_car=0.0&taxi_consumption=0.0&paying_for_public_transport=Monthly%2C+All+Members&sport_memberships=100.0&vacation=0.0&clothing_and_shoes=50.0&rent=none&kindergarten_count=0&private_schools_count=0>Source</a>,51.9071833,4.4728155,54.25262419693358
7,costs,913.83,Amstelveen,https://www.numbeo.com/cost-of-living/city-estimator/in/Amstelveen-Netherlands?Recalculated=Submit+to+Recalculate&displayCurrency=EUR&members=1&restaurants_percentage=10.0&inexpensive_restaurants_percentage=50.0&drinking_coffee_outside=100.0&going_out_monthly=4.2&smoking_packs_per_day=0.0&alcoholic_drinks=25.0&type_of_food=0&driving_car=0.0&taxi_consumption=0.0&paying_for_public_transport=Monthly%2C+All+Members&sport_memberships=100.0&vacation=0.0&clothing_and_shoes=50.0&rent=none&kindergarten_count=0&private_schools_count=0,"Amstelveen, Noord-Holland, Nederland",52.3025582,4.8467875,<a target='_blank' href=https://www.numbeo.com/cost-of-living/city-estimator/in/Amstelveen-Netherlands?Recalculated=Submit+to+Recalculate&displayCurrency=EUR&members=1&restaurants_percentage=10.0&inexpensive_restaurants_percentage=50.0&drinking_coffee_outside=100.0&going_out_monthly=4.2&smoking_packs_per_day=0.0&alcoholic_drinks=25.0&type_of_food=0&driving_car=0.0&taxi_consumption=0.0&paying_for_public_transport=Monthly%2C+All+Members&sport_memberships=100.0&vacation=0.0&clothing_and_shoes=50.0&rent=none&kindergarten_count=0&private_schools_count=0>Source</a>,51.9071833,4.4728155,50.84444557632583
8,costs,912.78,Ede,https://www.numbeo.com/cost-of-living/city-estimator/in/Ede-Netherlands?Recalculated=Submit+to+Recalculate&displayCurrency=EUR&members=1&restaurants_percentage=10.0&inexpensive_restaurants_percentage=50.0&drinking_coffee_outside=100.0&going_out_monthly=4.2&smoking_packs_per_day=0.0&alcoholic_drinks=25.0&type_of_food=0&driving_car=0.0&taxi_consumption=0.0&paying_for_public_transport=Monthly%2C+All+Members&sport_memberships=100.0&vacation=0.0&clothing_and_shoes=50.0&rent=none&kindergarten_count=0&private_schools_count=0,"Ede, Gelderland, Nederland",52.07168255,5.745510631034939,<a target='_blank' href=https://www.numbeo.com/cost-of-living/city-estimator/in/Ede-Netherlands?Recalculated=Submit+to+Recalculate&displayCurrency=EUR&members=1&restaurants_percentage=10.0&inexpensive_restaurants_percentage=50.0&drinking_coffee_outside=100.0&going_out_monthly=4.2&smoking_packs_per_day=0.0&alcoholic_drinks=25.0&type_of_food=0&driving_car=0.0&taxi_consumption=0.0&paying_for_public_transport=Monthly%2C+All+Members&sport_memberships=100.0&vacation=0.0&clothing_and_shoes=50.0&rent=none&kindergarten_count=0&private_schools_count=0>Source</a>,51.9071833,4.4728155,89.04494340395978
9,costs,912.4,Utrecht,https://www.numbeo.com/cost-of-living/city-estimator/in/Utrecht?Recalculated=Submit+to+Recalculate&displayCurrency=EUR&members=1&restaurants_percentage=10.0&inexpensive_restaurants_percentage=50.0&drinking_coffee_outside=100.0&going_out_monthly=4.2&smoking_packs_per_day=0.0&alcoholic_drinks=25.0&type_of_food=0&driving_car=0.0&taxi_consumption=0.0&paying_for_public_transport=Monthly%2C+All+Members&sport_memberships=100.0&vacation=0.0&clothing_and_shoes=50.0&rent=none&kindergarten_count=0&private_schools_count=0,"Utrecht, Nederland",52.080985600000005,5.12768396945229,<a target='_blank' href=https://www.numbeo.com/cost-of-living/city-estimator/in/Utrecht?Recalculated=Submit+to+Recalculate&displayCurrency=EUR&members=1&restaurants_percentage=10.0&inexpensive_restaurants_percentage=50.0&drinking_coffee_outside=100.0&going_out_monthly=4.2&smoking_packs_per_day=0.0&alcoholic_drinks=25.0&type_of_food=0&driving_car=0.0&taxi_consumption=0.0&paying_for_public_transport=Monthly%2C+All+Members&sport_memberships=100.0&vacation=0.0&clothing_and_shoes=50.0&rent=none&kindergarten_count=0&private_schools_count=0>Source</a>,51.9071833,4.4728155,48.82461376443486
10,costs,909.8,Breda,https://www.numbeo.com/cost-of-living/city-estimator/in/Breda?Recalculated=Submit+to+Recalculate&displayCurrency=EUR&members=1&restaurants_percentage=10.0&inexpensive_restaurants_percentage=50.0&drinking_coffee_outside=100.0&going_out_monthly=4.2&smoking_packs_per_day=0.0&alcoholic_drinks=25.0&type_of_food=0&driving_car=0.0&taxi_consumption=0.0&paying_for_public_transport=Monthly%2C+All+Members&sport_memberships=100.0&vacation=0.0&clothing_and_shoes=50.0&rent=none&kindergarten_count=0&private_schools_count=0,"Breda, Noord-Brabant, Nederland",51.5887845,4.7760237,<a target='_blank' href=https://www.numbeo.com/cost-of-living/city-estimator/in/Breda?Recalculated=Submit+to+Recalculate&displayCurrency=EUR&members=1&restaurants_percentage=10.0&inexpensive_restaurants_percentage=50.0&drinking_coffee_outside=100.0&going_out_monthly=4.2&smoking_packs_per_day=0.0&alcoholic_drinks=25.0&type_of_food=0&driving_car=0.0&taxi_consumption=0.0&paying_for_public_transport=Monthly%2C+All+Members&sport_memberships=100.0&vacation=0.0&clothing_and_shoes=50.0&rent=none&kindergarten_count=0&private_schools_count=0>Source</a>,51.9071833,4.4728155,41.0995829386914
11,costs,886.86,'s-Hertogenbosch,https://www.numbeo.com/cost-of-living/city-estimator/in/'s-Hertogenbosch?Recalculated=Submit+to+Recalculate&displayCurrency=EUR&members=1&restaurants_percentage=10.0&inexpensive_restaurants_percentage=50.0&drinking_coffee_outside=100.0&going_out_monthly=4.2&smoking_packs_per_day=0.0&alcoholic_drinks=25.0&type_of_food=0&driving_car=0.0&taxi_consumption=0.0&paying_for_public_transport=Monthly%2C+All+Members&sport_memberships=100.0&vacation=0.0&clothing_and_shoes=50.0&rent=none&kindergarten_count=0&private_schools_count=0,"'s-Hertogenbosch, Noord-Brabant, Nederland, 5211JS, Nederland",51.6889387,5.303116,<a target='_blank' href=https://www.numbeo.com/cost-of-living/city-estimator/in/'s-Hertogenbosch?Recalculated=Submit+to+Recalculate&displayCurrency=EUR&members=1&restaurants_percentage=10.0&inexpensive_restaurants_percentage=50.0&drinking_coffee_outside=100.0&going_out_monthly=4.2&smoking_packs_per_day=0.0&alcoholic_drinks=25.0&type_of_food=0&driving_car=0.0&taxi_consumption=0.0&paying_for_public_transport=Monthly%2C+All+Members&sport_memberships=100.0&vacation=0.0&clothing_and_shoes=50.0&rent=none&kindergarten_count=0&private_schools_count=0>Source</a>,51.9071833,4.4728155,62.039870833586086
12,costs,877.84,Eindhoven,https://www.numbeo.com/cost-of-living/city-estimator/in/Eindhoven?Recalculated=Submit+to+Recalculate&displayCurrency=EUR&members=1&restaurants_percentage=10.0&inexpensive_restaurants_percentage=50.0&drinking_coffee_outside=100.0&going_out_monthly=4.2&smoking_packs_per_day=0.0&alcoholic_drinks=25.0&type_of_food=0&driving_car=0.0&taxi_consumption=0.0&paying_for_public_transport=Monthly%2C+All+Members&sport_memberships=100.0&vacation=0.0&clothing_and_shoes=50.0&rent=none&kindergarten_count=0&private_schools_count=0,"Eindhoven, Noord-Brabant, Nederland",51.4392648,5.478633,<a target='_blank' href=https://www.numbeo.com/cost-of-living/city-estimator/in/Eindhoven?Recalculated=Submit+to+Recalculate&displayCurrency=EUR&members=1&restaurants_percentage=10.0&inexpensive_restaurants_percentage=50.0&drinking_coffee_outside=100.0&going_out_monthly=4.2&smoking_packs_per_day=0.0&alcoholic_drinks=25.0&type_of_food=0&driving_car=0.0&taxi_consumption=0.0&paying_for_public_transport=Monthly%2C+All+Members&sport_memberships=100.0&vacation=0.0&clothing_and_shoes=50.0&rent=none&kindergarten_count=0&private_schools_count=0>Source</a>,51.9071833,4.4728155,86.70333738808269
13,costs,877.61,Groningen,https://www.numbeo.com/cost-of-living/city-estimator/in/Groningen?Recalculated=Submit+to+Recalculate&displayCurrency=EUR&members=1&restaurants_percentage=10.0&inexpensive_restaurants_percentage=50.0&drinking_coffee_outside=100.0&going_out_monthly=4.2&smoking_packs_per_day=0.0&alcoholic_drinks=25.0&type_of_food=0&driving_car=0.0&taxi_consumption=0.0&paying_for_public_transport=Monthly%2C+All+Members&sport_memberships=100.0&vacation=0.0&clothing_and_shoes=50.0&rent=none&kindergarten_count=0&private_schools_count=0,"Groningen, Nederland",53.2190652,6.5680077,<a target='_blank' href=https://www.numbeo.com/cost-of-living/city-estimator/in/Groningen?Recalculated=Submit+to+Recalculate&displayCurrency=EUR&members=1&restaurants_percentage=10.0&inexpensive_restaurants_percentage=50.0&drinking_coffee_outside=100.0&going_out_monthly=4.2&smoking_packs_per_day=0.0&alcoholic_drinks=25.0&type_of_food=0&driving_car=0.0&taxi_consumption=0.0&paying_for_public_transport=Monthly%2C+All+Members&sport_memberships=100.0&vacation=0.0&clothing_and_shoes=50.0&rent=none&kindergarten_count=0&private_schools_count=0>Source</a>,51.9071833,4.4728155,203.29661281638977
14,costs,876.07,Nijmegen,https://www.numbeo.com/cost-of-living/city-estimator/in/Nijmegen?Recalculated=Submit+to+Recalculate&displayCurrency=EUR&members=1&restaurants_percentage=10.0&inexpensive_restaurants_percentage=50.0&drinking_coffee_outside=100.0&going_out_monthly=4.2&smoking_packs_per_day=0.0&alcoholic_drinks=25.0&type_of_food=0&driving_car=0.0&taxi_consumption=0.0&paying_for_public_transport=Monthly%2C+All+Members&sport_memberships=100.0&vacation=0.0&clothing_and_shoes=50.0&rent=none&kindergarten_count=0&private_schools_count=0,"Nijmegen, Gelderland, Nederland",51.842574850000005,5.838960628748229,<a target='_blank' href=https://www.numbeo.com/cost-of-living/city-estimator/in/Nijmegen?Recalculated=Submit+to+Recalculate&displayCurrency=EUR&members=1&restaurants_percentage=10.0&inexpensive_restaurants_percentage=50.0&drinking_coffee_outside=100.0&going_out_monthly=4.2&smoking_packs_per_day=0.0&alcoholic_drinks=25.0&type_of_food=0&driving_car=0.0&taxi_consumption=0.0&paying_for_public_transport=Monthly%2C+All+Members&sport_memberships=100.0&vacation=0.0&clothing_and_shoes=50.0&rent=none&kindergarten_count=0&private_schools_count=0>Source</a>,51.9071833,4.4728155,94.05869697856821
15,costs,868.5,Leiden,https://www.numbeo.com/cost-of-living/city-estimator/in/Leiden?Recalculated=Submit+to+Recalculate&displayCurrency=EUR&members=1&restaurants_percentage=10.0&inexpensive_restaurants_percentage=50.0&drinking_coffee_outside=100.0&going_out_monthly=4.2&smoking_packs_per_day=0.0&alcoholic_drinks=25.0&type_of_food=0&driving_car=0.0&taxi_consumption=0.0&paying_for_public_transport=Monthly%2C+All+Members&sport_memberships=100.0&vacation=0.0&clothing_and_shoes=50.0&rent=none&kindergarten_count=0&private_schools_count=0,"Leiden, Zuid-Holland, Nederland",52.1518157,4.4811088666204295,<a target='_blank' href=https://www.numbeo.com/cost-of-living/city-estimator/in/Leiden?Recalculated=Submit+to+Recalculate&displayCurrency=EUR&members=1&restaurants_percentage=10.0&inexpensive_restaurants_percentage=50.0&drinking_coffee_outside=100.0&going_out_monthly=4.2&smoking_packs_per_day=0.0&alcoholic_drinks=25.0&type_of_food=0&driving_car=0.0&taxi_consumption=0.0&paying_for_public_transport=Monthly%2C+All+Members&sport_memberships=100.0&vacation=0.0&clothing_and_shoes=50.0&rent=none&kindergarten_count=0&private_schools_count=0>Source</a>,51.9071833,4.4728155,27.20779824538345
16,costs,862.41,Tilburg,https://www.numbeo.com/cost-of-living/city-estimator/in/Tilburg?Recalculated=Submit+to+Recalculate&displayCurrency=EUR&members=1&restaurants_percentage=10.0&inexpensive_restaurants_percentage=50.0&drinking_coffee_outside=100.0&going_out_monthly=4.2&smoking_packs_per_day=0.0&alcoholic_drinks=25.0&type_of_food=0&driving_car=0.0&taxi_consumption=0.0&paying_for_public_transport=Monthly%2C+All+Members&sport_memberships=100.0&vacation=0.0&clothing_and_shoes=50.0&rent=none&kindergarten_count=0&private_schools_count=0,"Tilburg, Noord-Brabant, Nederland",51.585618749999995,5.066061908648313,<a target='_blank' href=https://www.numbeo.com/cost-of-living/city-estimator/in/Tilburg?Recalculated=Submit+to+Recalculate&displayCurrency=EUR&members=1&restaurants_percentage=10.0&inexpensive_restaurants_percentage=50.0&drinking_coffee_outside=100.0&going_out_monthly=4.2&smoking_packs_per_day=0.0&alcoholic_drinks=25.0&type_of_food=0&driving_car=0.0&taxi_consumption=0.0&paying_for_public_transport=Monthly%2C+All+Members&sport_memberships=100.0&vacation=0.0&clothing_and_shoes=50.0&rent=none&kindergarten_count=0&private_schools_count=0>Source</a>,51.9071833,4.4728155,54.28243949865165
17,costs,857.05,Rotterdam,https://www.numbeo.com/cost-of-living/city-estimator/in/Rotterdam?Recalculated=Submit+to+Recalculate&displayCurrency=EUR&members=1&restaurants_percentage=10.0&inexpensive_restaurants_percentage=50.0&drinking_coffee_outside=100.0&going_out_monthly=4.2&smoking_packs_per_day=0.0&alcoholic_drinks=25.0&type_of_food=0&driving_car=0.0&taxi_consumption=0.0&paying_for_public_transport=Monthly%2C+All+Members&sport_memberships=100.0&vacation=0.0&clothing_and_shoes=50.0&rent=none&kindergarten_count=0&private_schools_count=0,"Rotterdam, Zuid-Holland, Nederland",51.9244424,4.47775,<a target='_blank' href=https://www.numbeo.com/cost-of-living/city-estimator/in/Rotterdam?Recalculated=Submit+to+Recalculate&displayCurrency=EUR&members=1&restaurants_percentage=10.0&inexpensive_restaurants_percentage=50.0&drinking_coffee_outside=100.0&going_out_monthly=4.2&smoking_packs_per_day=0.0&alcoholic_drinks=25.0&type_of_food=0&driving_car=0.0&taxi_consumption=0.0&paying_for_public_transport=Monthly%2C+All+Members&sport_memberships=100.0&vacation=0.0&clothing_and_shoes=50.0&rent=none&kindergarten_count=0&private_schools_count=0>Source</a>,51.9071833,4.4728155,1.9487385701310123
18,costs,845.15,Almere,https://www.numbeo.com/cost-of-living/city-estimator/in/Almere?Recalculated=Submit+to+Recalculate&displayCurrency=EUR&members=1&restaurants_percentage=10.0&inexpensive_restaurants_percentage=50.0&drinking_coffee_outside=100.0&going_out_monthly=4.2&smoking_packs_per_day=0.0&alcoholic_drinks=25.0&type_of_food=0&driving_car=0.0&taxi_consumption=0.0&paying_for_public_transport=Monthly%2C+All+Members&sport_memberships=100.0&vacation=0.0&clothing_and_shoes=50.0&rent=none&kindergarten_count=0&private_schools_count=0,"Almere, Flevoland, Nederland",52.3657098,5.2210432,<a target='_blank' href=https://www.numbeo.com/cost-of-living/city-estimator/in/Almere?Recalculated=Submit+to+Recalculate&displayCurrency=EUR&members=1&restaurants_percentage=10.0&inexpensive_restaurants_percentage=50.0&drinking_coffee_outside=100.0&going_out_monthly=4.2&smoking_packs_per_day=0.0&alcoholic_drinks=25.0&type_of_food=0&driving_car=0.0&taxi_consumption=0.0&paying_for_public_transport=Monthly%2C+All+Members&sport_memberships=100.0&vacation=0.0&clothing_and_shoes=50.0&rent=none&kindergarten_count=0&private_schools_count=0>Source</a>,51.9071833,4.4728155,72.16097636041206
19,costs,839.29,Zoetermeer,https://www.numbeo.com/cost-of-living/city-estimator/in/Zoetermeer-Netherlands?Recalculated=Submit+to+Recalculate&displayCurrency=EUR&members=1&restaurants_percentage=10.0&inexpensive_restaurants_percentage=50.0&drinking_coffee_outside=100.0&going_out_monthly=4.2&smoking_packs_per_day=0.0&alcoholic_drinks=25.0&type_of_food=0&driving_car=0.0&taxi_consumption=0.0&paying_for_public_transport=Monthly%2C+All+Members&sport_memberships=100.0&vacation=0.0&clothing_and_shoes=50.0&rent=none&kindergarten_count=0&private_schools_count=0,"Zoetermeer, Zuid-Holland, Nederland",52.06228915,4.487754536970652,<a target='_blank' href=https://www.numbeo.com/cost-of-living/city-estimator/in/Zoetermeer-Netherlands?Recalculated=Submit+to+Recalculate&displayCurrency=EUR&members=1&restaurants_percentage=10.0&inexpensive_restaurants_percentage=50.0&drinking_coffee_outside=100.0&going_out_monthly=4.2&smoking_packs_per_day=0.0&alcoholic_drinks=25.0&type_of_food=0&driving_car=0.0&taxi_consumption=0.0&paying_for_public_transport=Monthly%2C+All+Members&sport_memberships=100.0&vacation=0.0&clothing_and_shoes=50.0&rent=none&kindergarten_count=0&private_schools_count=0>Source</a>,51.9071833,4.4728155,17.277299407804602
20,costs,835.52,Dordrecht,https://www.numbeo.com/cost-of-living/city-estimator/in/Dordrecht-Netherlands?Recalculated=Submit+to+Recalculate&displayCurrency=EUR&members=1&restaurants_percentage=10.0&inexpensive_restaurants_percentage=50.0&drinking_coffee_outside=100.0&going_out_monthly=4.2&smoking_packs_per_day=0.0&alcoholic_drinks=25.0&type_of_food=0&driving_car=0.0&taxi_consumption=0.0&paying_for_public_transport=Monthly%2C+All+Members&sport_memberships=100.0&vacation=0.0&clothing_and_shoes=50.0&rent=none&kindergarten_count=0&private_schools_count=0,"Dordrecht, Zuid-Holland, Nederland",51.7958812,4.6779351,<a target='_blank' href=https://www.numbeo.com/cost-of-living/city-estimator/in/Dordrecht-Netherlands?Recalculated=Submit+to+Recalculate&displayCurrency=EUR&members=1&restaurants_percentage=10.0&inexpensive_restaurants_percentage=50.0&drinking_coffee_outside=100.0&going_out_monthly=4.2&smoking_packs_per_day=0.0&alcoholic_drinks=25.0&type_of_food=0&driving_car=0.0&taxi_consumption=0.0&paying_for_public_transport=Monthly%2C+All+Members&sport_memberships=100.0&vacation=0.0&clothing_and_shoes=50.0&rent=none&kindergarten_count=0&private_schools_count=0>Source</a>,51.9071833,4.4728155,18.752647479648516
21,costs,824.82,Enschede,https://www.numbeo.com/cost-of-living/city-estimator/in/Enschede?Recalculated=Submit+to+Recalculate&displayCurrency=EUR&members=1&restaurants_percentage=10.0&inexpensive_restaurants_percentage=50.0&drinking_coffee_outside=100.0&going_out_monthly=4.2&smoking_packs_per_day=0.0&alcoholic_drinks=25.0&type_of_food=0&driving_car=0.0&taxi_consumption=0.0&paying_for_public_transport=Monthly%2C+All+Members&sport_memberships=100.0&vacation=0.0&clothing_and_shoes=50.0&rent=none&kindergarten_count=0&private_schools_count=0,"Enschede, Overijssel, Nederland",52.2209855,6.8940537,<a target='_blank' href=https://www.numbeo.com/cost-of-living/city-estimator/in/Enschede?Recalculated=Submit+to+Recalculate&displayCurrency=EUR&members=1&restaurants_percentage=10.0&inexpensive_restaurants_percentage=50.0&drinking_coffee_outside=100.0&going_out_monthly=4.2&smoking_packs_per_day=0.0&alcoholic_drinks=25.0&type_of_food=0&driving_car=0.0&taxi_consumption=0.0&paying_for_public_transport=Monthly%2C+All+Members&sport_memberships=100.0&vacation=0.0&clothing_and_shoes=50.0&rent=none&kindergarten_count=0&private_schools_count=0>Source</a>,51.9071833,4.4728155,169.14608082057845
22,costs,822.94,Venlo,https://www.numbeo.com/cost-of-living/city-estimator/in/Venlo-Netherlands?Recalculated=Submit+to+Recalculate&displayCurrency=EUR&members=1&restaurants_percentage=10.0&inexpensive_restaurants_percentage=50.0&drinking_coffee_outside=100.0&going_out_monthly=4.2&smoking_packs_per_day=0.0&alcoholic_drinks=25.0&type_of_food=0&driving_car=0.0&taxi_consumption=0.0&paying_for_public_transport=Monthly%2C+All+Members&sport_memberships=100.0&vacation=0.0&clothing_and_shoes=50.0&rent=none&kindergarten_count=0&private_schools_count=0,"Venlo, Limburg, Nederland",51.39244885,6.1511724144122955,<a target='_blank' href=https://www.numbeo.com/cost-of-living/city-estimator/in/Venlo-Netherlands?Recalculated=Submit+to+Recalculate&displayCurrency=EUR&members=1&restaurants_percentage=10.0&inexpensive_restaurants_percentage=50.0&drinking_coffee_outside=100.0&going_out_monthly=4.2&smoking_packs_per_day=0.0&alcoholic_drinks=25.0&type_of_food=0&driving_car=0.0&taxi_consumption=0.0&paying_for_public_transport=Monthly%2C+All+Members&sport_memberships=100.0&vacation=0.0&clothing_and_shoes=50.0&rent=none&kindergarten_count=0&private_schools_count=0>Source</a>,51.9071833,4.4728155,129.16332536686647
23,costs,815.78,Zwolle,https://www.numbeo.com/cost-of-living/city-estimator/in/Zwolle-Netherlands?Recalculated=Submit+to+Recalculate&displayCurrency=EUR&members=1&restaurants_percentage=10.0&inexpensive_restaurants_percentage=50.0&drinking_coffee_outside=100.0&going_out_monthly=4.2&smoking_packs_per_day=0.0&alcoholic_drinks=25.0&type_of_food=0&driving_car=0.0&taxi_consumption=0.0&paying_for_public_transport=Monthly%2C+All+Members&sport_memberships=100.0&vacation=0.0&clothing_and_shoes=50.0&rent=none&kindergarten_count=0&private_schools_count=0,"Zwolle, Overijssel, Nederland",52.5089759,6.0943765,<a target='_blank' href=https://www.numbeo.com/cost-of-living/city-estimator/in/Zwolle-Netherlands?Recalculated=Submit+to+Recalculate&displayCurrency=EUR&members=1&restaurants_percentage=10.0&inexpensive_restaurants_percentage=50.0&drinking_coffee_outside=100.0&going_out_monthly=4.2&smoking_packs_per_day=0.0&alcoholic_drinks=25.0&type_of_food=0&driving_car=0.0&taxi_consumption=0.0&paying_for_public_transport=Monthly%2C+All+Members&sport_memberships=100.0&vacation=0.0&clothing_and_shoes=50.0&rent=none&kindergarten_count=0&private_schools_count=0>Source</a>,51.9071833,4.4728155,129.17144968802234
24,costs,808.1,Den Haag,https://www.numbeo.com/cost-of-living/city-estimator/in/The-Hague-Den-Haag-Netherlands?Recalculated=Submit+to+Recalculate&displayCurrency=EUR&members=1&restaurants_percentage=10.0&inexpensive_restaurants_percentage=50.0&drinking_coffee_outside=100.0&going_out_monthly=4.2&smoking_packs_per_day=0.0&alcoholic_drinks=25.0&type_of_food=0&driving_car=0.0&taxi_consumption=0.0&paying_for_public_transport=Monthly%2C+All+Members&sport_memberships=100.0&vacation=0.0&clothing_and_shoes=50.0&rent=none&kindergarten_count=0&private_schools_count=0,"Den Haag, Zuid-Holland, Nederland",52.0799838,4.3113461,<a target='_blank' href=https://www.numbeo.com/cost-of-living/city-estimator/in/The-Hague-Den-Haag-Netherlands?Recalculated=Submit+to+Recalculate&displayCurrency=EUR&members=1&restaurants_percentage=10.0&inexpensive_restaurants_percentage=50.0&drinking_coffee_outside=100.0&going_out_monthly=4.2&smoking_packs_per_day=0.0&alcoholic_drinks=25.0&type_of_food=0&driving_car=0.0&taxi_consumption=0.0&paying_for_public_transport=Monthly%2C+All+Members&sport_memberships=100.0&vacation=0.0&clothing_and_shoes=50.0&rent=none&kindergarten_count=0&private_schools_count=0>Source</a>,51.9071833,4.4728155,22.16805296789413
25,costs,807.38,Zeist,https://www.numbeo.com/cost-of-living/city-estimator/in/Zeist-Netherlands?Recalculated=Submit+to+Recalculate&displayCurrency=EUR&members=1&restaurants_percentage=10.0&inexpensive_restaurants_percentage=50.0&drinking_coffee_outside=100.0&going_out_monthly=4.2&smoking_packs_per_day=0.0&alcoholic_drinks=25.0&type_of_food=0&driving_car=0.0&taxi_consumption=0.0&paying_for_public_transport=Monthly%2C+All+Members&sport_memberships=100.0&vacation=0.0&clothing_and_shoes=50.0&rent=none&kindergarten_count=0&private_schools_count=0,"Zeist, Utrecht, Nederland",52.0892832,5.2276307,<a target='_blank' href=https://www.numbeo.com/cost-of-living/city-estimator/in/Zeist-Netherlands?Recalculated=Submit+to+Recalculate&displayCurrency=EUR&members=1&restaurants_percentage=10.0&inexpensive_restaurants_percentage=50.0&drinking_coffee_outside=100.0&going_out_monthly=4.2&smoking_packs_per_day=0.0&alcoholic_drinks=25.0&type_of_food=0&driving_car=0.0&taxi_consumption=0.0&paying_for_public_transport=Monthly%2C+All+Members&sport_memberships=100.0&vacation=0.0&clothing_and_shoes=50.0&rent=none&kindergarten_count=0&private_schools_count=0>Source</a>,51.9071833,4.4728155,55.500682219087814
26,costs,807.37,Heerlen,https://www.numbeo.com/cost-of-living/city-estimator/in/Heerlen-Netherlands?Recalculated=Submit+to+Recalculate&displayCurrency=EUR&members=1&restaurants_percentage=10.0&inexpensive_restaurants_percentage=50.0&drinking_coffee_outside=100.0&going_out_monthly=4.2&smoking_packs_per_day=0.0&alcoholic_drinks=25.0&type_of_food=0&driving_car=0.0&taxi_consumption=0.0&paying_for_public_transport=Monthly%2C+All+Members&sport_memberships=100.0&vacation=0.0&clothing_and_shoes=50.0&rent=none&kindergarten_count=0&private_schools_count=0,"Heerlen, Limburg, Nederland",50.8876735,5.9773285,<a target='_blank' href=https://www.numbeo.com/cost-of-living/city-estimator/in/Heerlen-Netherlands?Recalculated=Submit+to+Recalculate&displayCurrency=EUR&members=1&restaurants_percentage=10.0&inexpensive_restaurants_percentage=50.0&drinking_coffee_outside=100.0&going_out_monthly=4.2&smoking_packs_per_day=0.0&alcoholic_drinks=25.0&type_of_food=0&driving_car=0.0&taxi_consumption=0.0&paying_for_public_transport=Monthly%2C+All+Members&sport_memberships=100.0&vacation=0.0&clothing_and_shoes=50.0&rent=none&kindergarten_count=0&private_schools_count=0>Source</a>,51.9071833,4.4728155,154.09110739366045
27,costs,797.27,Maastricht,https://www.numbeo.com/cost-of-living/city-estimator/in/Maastricht?Recalculated=Submit+to+Recalculate&displayCurrency=EUR&members=1&restaurants_percentage=10.0&inexpensive_restaurants_percentage=50.0&drinking_coffee_outside=100.0&going_out_monthly=4.2&smoking_packs_per_day=0.0&alcoholic_drinks=25.0&type_of_food=0&driving_car=0.0&taxi_consumption=0.0&paying_for_public_transport=Monthly%2C+All+Members&sport_memberships=100.0&vacation=0.0&clothing_and_shoes=50.0&rent=none&kindergarten_count=0&private_schools_count=0,"Maastricht, Limburg, Nederland",50.8512438,5.6909768,<a target='_blank' href=https://www.numbeo.com/cost-of-living/city-estimator/in/Maastricht?Recalculated=Submit+to+Recalculate&displayCurrency=EUR&members=1&restaurants_percentage=10.0&inexpensive_restaurants_percentage=50.0&drinking_coffee_outside=100.0&going_out_monthly=4.2&smoking_packs_per_day=0.0&alcoholic_drinks=25.0&type_of_food=0&driving_car=0.0&taxi_consumption=0.0&paying_for_public_transport=Monthly%2C+All+Members&sport_memberships=100.0&vacation=0.0&clothing_and_shoes=50.0&rent=none&kindergarten_count=0&private_schools_count=0>Source</a>,51.9071833,4.4728155,144.68187879641152
28,costs,788.75,Delft,https://www.numbeo.com/cost-of-living/city-estimator/in/Delft?Recalculated=Submit+to+Recalculate&displayCurrency=EUR&members=1&restaurants_percentage=10.0&inexpensive_restaurants_percentage=50.0&drinking_coffee_outside=100.0&going_out_monthly=4.2&smoking_packs_per_day=0.0&alcoholic_drinks=25.0&type_of_food=0&driving_car=0.0&taxi_consumption=0.0&paying_for_public_transport=Monthly%2C+All+Members&sport_memberships=100.0&vacation=0.0&clothing_and_shoes=50.0&rent=none&kindergarten_count=0&private_schools_count=0,"Delft, Zuid-Holland, Nederland",51.999457199999995,4.362724538543995,<a target='_blank' href=https://www.numbeo.com/cost-of-living/city-estimator/in/Delft?Recalculated=Submit+to+Recalculate&displayCurrency=EUR&members=1&restaurants_percentage=10.0&inexpensive_restaurants_percentage=50.0&drinking_coffee_outside=100.0&going_out_monthly=4.2&smoking_packs_per_day=0.0&alcoholic_drinks=25.0&type_of_food=0&driving_car=0.0&taxi_consumption=0.0&paying_for_public_transport=Monthly%2C+All+Members&sport_memberships=100.0&vacation=0.0&clothing_and_shoes=50.0&rent=none&kindergarten_count=0&private_schools_count=0>Source</a>,51.9071833,4.4728155,12.735586394002766
29,costs,784.54,Deventer,https://www.numbeo.com/cost-of-living/city-estimator/in/Deventer-Netherlands?Recalculated=Submit+to+Recalculate&displayCurrency=EUR&members=1&restaurants_percentage=10.0&inexpensive_restaurants_percentage=50.0&drinking_coffee_outside=100.0&going_out_monthly=4.2&smoking_packs_per_day=0.0&alcoholic_drinks=25.0&type_of_food=0&driving_car=0.0&taxi_consumption=0.0&paying_for_public_transport=Monthly%2C+All+Members&sport_memberships=100.0&vacation=0.0&clothing_and_shoes=50.0&rent=none&kindergarten_count=0&private_schools_count=0,"Deventer, Overijssel, Nederland",52.2695736,6.236339604766698,<a target='_blank' href=https://www.numbeo.com/cost-of-living/city-estimator/in/Deventer-Netherlands?Recalculated=Submit+to+Recalculate&displayCurrency=EUR&members=1&restaurants_percentage=10.0&inexpensive_restaurants_percentage=50.0&drinking_coffee_outside=100.0&going_out_monthly=4.2&smoking_packs_per_day=0.0&alcoholic_drinks=25.0&type_of_food=0&driving_car=0.0&taxi_consumption=0.0&paying_for_public_transport=Monthly%2C+All+Members&sport_memberships=100.0&vacation=0.0&clothing_and_shoes=50.0&rent=none&kindergarten_count=0&private_schools_count=0>Source</a>,51.9071833,4.4728155,127.04529424406013
30,costs,771.8,Gouda,https://www.numbeo.com/cost-of-living/city-estimator/in/Gouda-Netherlands?Recalculated=Submit+to+Recalculate&displayCurrency=EUR&members=1&restaurants_percentage=10.0&inexpensive_restaurants_percentage=50.0&drinking_coffee_outside=100.0&going_out_monthly=4.2&smoking_packs_per_day=0.0&alcoholic_drinks=25.0&type_of_food=0&driving_car=0.0&taxi_consumption=0.0&paying_for_public_transport=Monthly%2C+All+Members&sport_memberships=100.0&vacation=0.0&clothing_and_shoes=50.0&rent=none&kindergarten_count=0&private_schools_count=0,"Gouda, Zuid-Holland, Nederland",52.018119350000006,4.711122134697802,<a target='_blank' href=https://www.numbeo.com/cost-of-living/city-estimator/in/Gouda-Netherlands?Recalculated=Submit+to+Recalculate&displayCurrency=EUR&members=1&restaurants_percentage=10.0&inexpensive_restaurants_percentage=50.0&drinking_coffee_outside=100.0&going_out_monthly=4.2&smoking_packs_per_day=0.0&alcoholic_drinks=25.0&type_of_food=0&driving_car=0.0&taxi_consumption=0.0&paying_for_public_transport=Monthly%2C+All+Members&sport_memberships=100.0&vacation=0.0&clothing_and_shoes=50.0&rent=none&kindergarten_count=0&private_schools_count=0>Source</a>,51.9071833,4.4728155,20.463589051889564
31,costs,737.05,Best,https://www.numbeo.com/cost-of-living/city-estimator/in/Best-Netherlands?Recalculated=Submit+to+Recalculate&displayCurrency=EUR&members=1&restaurants_percentage=10.0&inexpensive_restaurants_percentage=50.0&drinking_coffee_outside=100.0&going_out_monthly=4.2&smoking_packs_per_day=0.0&alcoholic_drinks=25.0&type_of_food=0&driving_car=0.0&taxi_consumption=0.0&paying_for_public_transport=Monthly%2C+All+Members&sport_memberships=100.0&vacation=0.0&clothing_and_shoes=50.0&rent=none&kindergarten_count=0&private_schools_count=0,"Best, Noord-Brabant, Nederland",51.510017,5.398661990056466,<a target='_blank' href=https://www.numbeo.com/cost-of-living/city-estimator/in/Best-Netherlands?Recalculated=Submit+to+Recalculate&displayCurrency=EUR&members=1&restaurants_percentage=10.0&inexpensive_restaurants_percentage=50.0&drinking_coffee_outside=100.0&going_out_monthly=4.2&smoking_packs_per_day=0.0&alcoholic_drinks=25.0&type_of_food=0&driving_car=0.0&taxi_consumption=0.0&paying_for_public_transport=Monthly%2C+All+Members&sport_memberships=100.0&vacation=0.0&clothing_and_shoes=50.0&rent=none&kindergarten_count=0&private_schools_count=0>Source</a>,51.9071833,4.4728155,77.58772979871834
32,costs,703.08,Halle,https://www.numbeo.com/cost-of-living/city-estimator/in/Halle?Recalculated=Submit+to+Recalculate&displayCurrency=EUR&members=1&restaurants_percentage=10.0&inexpensive_restaurants_percentage=50.0&drinking_coffee_outside=100.0&going_out_monthly=4.2&smoking_packs_per_day=0.0&alcoholic_drinks=25.0&type_of_food=0&driving_car=0.0&taxi_consumption=0.0&paying_for_public_transport=Monthly%2C+All+Members&sport_memberships=100.0&vacation=0.0&clothing_and_shoes=50.0&rent=none&kindergarten_count=0&private_schools_count=0,"Halle, Bronckhorst, Gelderland, Nederland",51.9905212,6.4284297,<a target='_blank' href=https://www.numbeo.com/cost-of-living/city-estimator/in/Halle?Recalculated=Submit+to+Recalculate&displayCurrency=EUR&members=1&restaurants_percentage=10.0&inexpensive_restaurants_percentage=50.0&drinking_coffee_outside=100.0&going_out_monthly=4.2&smoking_packs_per_day=0.0&alcoholic_drinks=25.0&type_of_food=0&driving_car=0.0&taxi_consumption=0.0&paying_for_public_transport=Monthly%2C+All+Members&sport_memberships=100.0&vacation=0.0&clothing_and_shoes=50.0&rent=none&kindergarten_count=0&private_schools_count=0>Source</a>,51.9071833,4.4728155,134.34706836826368
